1000000000.00, -0.00000, 0.08333, 0.08333, 0.25000
1010000000.00, -0.00000, 0.08333, 0.08333, 0.25000
1020000000.00, -0.00000, 0.08333, 0.08333, 0.25000
1030000000.00, -0.00000, 0.08333, 0.08333, 0.25000
1040000000.00, -0.00000, 0.08333, 0.08333, 0.25000
1050000000.00, -0.00000, 0.08333, 0.08333, 0.25000
1060000000.00, -0.00000, 0.08333, 0.08333, 0.25000
1070000000.00, -0.00000, 0.08333, 0.08333, 0.25000
1080000000.00, -0.00000, 0.08333, 0.08333, 0.25000
1090000000.00, -0.00000, 0.08333, 0.08333, 0.25000
1100000000.00, -0.00000, 0.08333, 0.08333, 0.25000
1110000000.00, -0.00000, 0.08333, 0.08333, 0.25000
1120000000.00, -0.00000, 0.08333, 0.08333, 0.25000
1130000000.00, -0.00000, 0.08333, 0.08333, 0.25000
1140000000.00, -0.00000, 0.08333, 0.08333, 0.25000
1150000000.00, -0.00000, 0.08333, 0.08333, 0.25000
1160000000.00, -0.00000, 0.08333, 0.08333, 0.25000
1170000000.00, -0.00000, 0.08333, 0.08333, 0.25000
1180000000.00, -0.00000, 0.08333, 0.08333, 0.25000
1190000000.00, -0.00000, 0.08333, 0.08333, 0.25000
1200000000.00, -0.00000, 0.08333, 0.08333, 0.25000
1210000000.00, -0.00000, 0.08333, 0.08333, 0.25000
1220000000.00, -0.00000, 0.08333, 0.08333, 0.25000
1230000000.00, -0.00000, 0.08333, 0.08333, 0.25000
1240000000.00, -0.00000, 0.08333, 0.08333, 0.25000
1250000000.00, -0.00000, 0.08333, 0.08333, 0.25000
1260000000.00, -0.00000, 0.08333, 0.08333, 0.25000
1270000000.00, -0.00000, 0.08333, 0.08333, 0.25000
1280000000.00, -0.00000, 0.08333, 0.08333, 0.25000
1290000000.00, -0.00000, 0.08333, 0.08333, 0.25000
1300000000.00, -0.00000, 0.08333, 0.08333, 0.25000
1310000000.00, -0.00000, 0.08333, 0.08333, 0.25000
1320000000.00, -0.00000, 0.08333, 0.08333, 0.25000
1330000000.00, -0.00000, 0.08333, 0.08333, 0.25000
1340000000.00, -0.00000, 0.08333, 0.08333, 0.25000
1350000000.00, -0.00000, 0.08333, 0.08333, 0.25000
1360000000.00, -0.00000, 0.08333, 0.08333, 0.25000
1370000000.00, -0.00000, 0.08333, 0.08333, 0.25000
1380000000.00, -0.00000, 0.08333, 0.08333, 0.25000
1390000000.00, -0.00000, 0.08333, 0.08333, 0.25000
1400000000.00, -0.00000, 0.08333, 0.08333, 0.25000
1410000000.00, -0.00000, 0.08333, 0.08333, 0.25000
1420000000.00, -0.00000, 0.08333, 0.08333, 0.25000
1430000000.00, -0.00000, 0.08333, 0.08333, 0.25000
1440000000.00, -0.00000, 0.08333, 0.08333, 0.25000
1450000000.00, -0.00000, 0.08333, 0.08333, 0.25000
1460000000.00, -0.00000, 0.08333, 0.08333, 0.25000
1470000000.00, -0.00000, 0.08333, 0.08333, 0.25000
1480000000.00, -0.00000, 0.08333, 0.08333, 0.25000
1490000000.00, -0.00000, 0.08333, 0.08333, 0.25000
1500000000.00, -0.00000, 0.08333, 0.08333, 0.25000
1510000000.00, -0.00000, 0.08333, 0.08333, 0.25000
1520000000.00, -0.00000, 0.08333, 0.08333, 0.25000
1530000000.00, -0.00000, 0.08333, 0.08333, 0.25000
1540000000.00, -0.00000, 0.08333, 0.08333, 0.25000
1550000000.00, -0.00000, 0.08333, 0.08333, 0.25000
1560000000.00, -0.00000, 0.08333, 0.08333, 0.25000
1570000000.00, -0.00000, 0.08333, 0.08333, 0.25000
1580000000.00, -0.00000, 0.08333, 0.08333, 0.25000
1590000000.00, -0.00000, 0.08333, 0.08333, 0.25000
1600000000.00, -0.00000, 0.08333, 0.08333, 0.25000
1610000000.00, -0.00000, 0.08333, 0.08333, 0.25000
1620000000.00, -0.00000, 0.08333, 0.08333, 0.25000
1630000000.00, -0.00000, 0.08333, 0.08333, 0.25000
1640000000.00, -0.00000, 0.08333, 0.08333, 0.25000
1650000000.00, -0.00000, 0.08333, 0.08333, 0.25000
1660000000.00, -0.00000, 0.08333, 0.08333, 0.25000
1670000000.00, -0.00000, 0.08333, 0.08333, 0.25000
1680000000.00, -0.00000, 0.08333, 0.08333, 0.25000
1690000000.00, -0.00000, 0.08333, 0.08333, 0.25000
1700000000.00, -0.00000, 0.08333, 0.08333, 0.25000
1710000000.00, -0.00000, 0.08333, 0.08333, 0.25000
1720000000.00, -0.00000, 0.08333, 0.08333, 0.25000
1730000000.00, -0.00000, 0.08333, 0.08333, 0.25000
1740000000.00, -0.00000, 0.08333, 0.08333, 0.25000
1750000000.00, -0.00000, 0.08333, 0.08333, 0.25000
1760000000.00, -0.00000, 0.08333, 0.08333, 0.25000
1770000000.00, -0.00000, 0.08333, 0.08333, 0.25000
1780000000.00, -0.00000, 0.08333, 0.08333, 0.25000
1790000000.00, -0.00000, 0.08333, 0.08333, 0.25000
1800000000.00, -0.00000, 0.08333, 0.08333, 0.25000
1810000000.00, -0.00000, 0.08333, 0.08333, 0.25000
1820000000.00, -0.00000, 0.08333, 0.08333, 0.25000
1830000000.00, -0.00000, 0.08333, 0.08333, 0.25000
1840000000.00, -0.00000, 0.08333, 0.08333, 0.25000
1850000000.00, -0.00000, 0.08333, 0.08333, 0.25000
1860000000.00, -0.00000, 0.08333, 0.08333, 0.25000
1870000000.00, -0.00000, 0.08333, 0.08333, 0.25000
1880000000.00, -0.00000, 0.08333, 0.08333, 0.25000
1890000000.00, -0.00000, 0.08333, 0.08333, 0.25000
1900000000.00, -0.00000, 0.08333, 0.08333, 0.25000
1910000000.00, -0.00000, 0.08333, 0.08333, 0.25000
1920000000.00, -0.00000, 0.08333, 0.08333, 0.25000
1930000000.00, -0.00000, 0.08333, 0.08333, 0.25000
1940000000.00, -0.00000, 0.08333, 0.08333, 0.25000
1950000000.00, -0.00000, 0.08333, 0.08333, 0.25000
1960000000.00, -0.00000, 0.08333, 0.08333, 0.25000
1970000000.00, -0.00000, 0.08333, 0.08333, 0.25000
1980000000.00, -0.00000, 0.08333, 0.08333, 0.25000
1990000000.00, -0.00000, 0.08333, 0.08333, 0.25000
2000000000.00, -0.00000, 0.08333, 0.08333, 0.25000
2010000000.00, -0.00000, 0.08333, 0.08333, 0.25000
2020000000.00, -0.00000, 0.08333, 0.08333, 0.25000
2030000000.00, -0.00000, 0.08333, 0.08333, 0.25000
2040000000.00, -0.00000, 0.08333, 0.08333, 0.25000
2050000000.00, -0.00000, 0.08333, 0.08333, 0.25000
2060000000.00, -0.00000, 0.08333, 0.08333, 0.25000
2070000000.00, -0.00000, 0.08333, 0.08333, 0.25000
2080000000.00, -0.00000, 0.08333, 0.08333, 0.25000
2090000000.00, -0.00000, 0.08333, 0.08333, 0.25000
2100000000.00, -0.00000, 0.08333, 0.08333, 0.25000
2110000000.00, -0.00000, 0.08333, 0.08333, 0.25000
2120000000.00, -0.00000, 0.08333, 0.08333, 0.25000
2130000000.00, -0.00000, 0.08333, 0.08333, 0.25000
2140000000.00, -0.00000, 0.08333, 0.08333, 0.25000
2150000000.00, -0.00000, 0.08333, 0.08333, 0.25000
2160000000.00, -0.00000, 0.08333, 0.08333, 0.25000
2170000000.00, -0.00000, 0.08333, 0.08333, 0.25000
2180000000.00, -0.00000, 0.08333, 0.08333, 0.25000
2190000000.00, -0.00000, 0.08333, 0.08333, 0.25000
2200000000.00, -0.00000, 0.08333, 0.08333, 0.25000
2210000000.00, -0.00000, 0.08333, 0.08333, 0.25000
2220000000.00, -0.00000, 0.08333, 0.08333, 0.25000
2230000000.00, -0.00000, 0.08333, 0.08333, 0.25000
2240000000.00, -0.00000, 0.08333, 0.08333, 0.25000
2250000000.00, -0.00000, 0.08333, 0.08333, 0.25000
2260000000.00, -0.00000, 0.08333, 0.08333, 0.25000
2270000000.00, -0.00000, 0.08333, 0.08333, 0.25000
2280000000.00, -0.00000, 0.08333, 0.08333, 0.25000
2290000000.00, -0.00000, 0.08333, 0.08333, 0.25000
2300000000.00, -0.00000, 0.08333, 0.08333, 0.25000
2310000000.00, -0.00000, 0.08333, 0.08333, 0.25000
2320000000.00, -0.00000, 0.08333, 0.08333, 0.25000
2330000000.00, -0.00000, 0.08333, 0.08333, 0.25000
2340000000.00, -0.00000, 0.08333, 0.08333, 0.25000
2350000000.00, -0.00000, 0.08333, 0.08333, 0.25000
2360000000.00, -0.00000, 0.08333, 0.08333, 0.25000
2370000000.00, -0.00000, 0.08333, 0.08333, 0.25000
2380000000.00, -0.00000, 0.08333, 0.08333, 0.25000
2390000000.00, -0.00000, 0.08333, 0.08333, 0.25000
2400000000.00, -0.00000, 0.08333, 0.08333, 0.25000
2410000000.00, -0.00000, 0.08333, 0.08333, 0.25000
2420000000.00, -0.00000, 0.08333, 0.08333, 0.25000
2430000000.00, -0.00000, 0.08333, 0.08333, 0.25000
2440000000.00, -0.00000, 0.08333, 0.08333, 0.25000
2450000000.00, -0.00000, 0.08333, 0.08333, 0.25000
2460000000.00, -0.00000, 0.08333, 0.08333, 0.25000
2470000000.00, -0.00000, 0.08333, 0.08333, 0.25000
2480000000.00, -0.00000, 0.08333, 0.08333, 0.25000
2490000000.00, -0.00000, 0.08333, 0.08333, 0.25000
2500000000.00, -0.00000, 0.08333, 0.08333, 0.25000
2510000000.00, -0.00000, 0.08333, 0.08333, 0.25000
2520000000.00, -0.00000, 0.08333, 0.08333, 0.25000
2530000000.00, -0.00000, 0.08333, 0.08333, 0.25000
2540000000.00, -0.00000, 0.08333, 0.08333, 0.25000
2550000000.00, -0.00000, 0.08333, 0.08333, 0.25000
2560000000.00, -0.00000, 0.08333, 0.08333, 0.25000
2570000000.00, -0.00000, 0.08333, 0.08333, 0.25000
2580000000.00, -0.00000, 0.08333, 0.08333, 0.25000
2590000000.00, -0.00000, 0.08333, 0.08333, 0.25000
2600000000.00, -0.00000, 0.08333, 0.08333, 0.25000
2610000000.00, -0.00000, 0.08333, 0.08333, 0.25000
2620000000.00, -0.00000, 0.08333, 0.08333, 0.25000
2630000000.00, -0.00000, 0.08333, 0.08333, 0.25000
2640000000.00, -0.00000, 0.08333, 0.08333, 0.25000
2650000000.00, -0.00000, 0.08333, 0.08333, 0.25000
2660000000.00, -0.00000, 0.08333, 0.08333, 0.25000
2670000000.00, -0.00000, 0.08333, 0.08333, 0.25000
2680000000.00, -0.00000, 0.08333, 0.08333, 0.25000
2690000000.00, -0.00000, 0.08333, 0.08333, 0.25000
2700000000.00, -0.00000, 0.08333, 0.08333, 0.25000
2710000000.00, -0.00000, 0.08333, 0.08333, 0.25000
2720000000.00, -0.00000, 0.08333, 0.08333, 0.25000
2730000000.00, -0.00000, 0.08333, 0.08333, 0.25000
2740000000.00, -0.00000, 0.08333, 0.08333, 0.25000
2750000000.00, -0.00000, 0.08333, 0.08333, 0.25000
2760000000.00, -0.00000, 0.08333, 0.08333, 0.25000
2770000000.00, -0.00000, 0.08333, 0.08333, 0.25000
2780000000.00, -0.00000, 0.08333, 0.08333, 0.25000
2790000000.00, -0.00000, 0.08333, 0.08333, 0.25000
2800000000.00, -0.00000, 0.08333, 0.08333, 0.25000
2810000000.00, -0.00000, 0.08333, 0.08333, 0.25000
2820000000.00, -0.00000, 0.08333, 0.08333, 0.25000
2830000000.00, -0.00000, 0.08333, 0.08333, 0.25000
2840000000.00, -0.00000, 0.08333, 0.08333, 0.25000
2850000000.00, -0.00000, 0.08333, 0.08333, 0.25000
2860000000.00, -0.00000, 0.08333, 0.08333, 0.25000
2870000000.00, -0.00000, 0.08333, 0.08333, 0.25000
2880000000.00, -0.00000, 0.08333, 0.08333, 0.25000
2890000000.00, -0.00000, 0.08333, 0.08333, 0.25000
2900000000.00, -0.00000, 0.08333, 0.08333, 0.25000
2910000000.00, -0.00000, 0.08333, 0.08333, 0.25000
2920000000.00, -0.00000, 0.08333, 0.08333, 0.25000
2930000000.00, -0.00000, 0.08333, 0.08333, 0.25000
2940000000.00, -0.00000, 0.08333, 0.08333, 0.25000
2950000000.00, -0.00000, 0.08333, 0.08333, 0.25000
2960000000.00, -0.00000, 0.08333, 0.08333, 0.25000
2970000000.00, -0.00000, 0.08333, 0.08333, 0.25000
2980000000.00, -0.00000, 0.08333, 0.08333, 0.25000
2990000000.00, -0.00000, 0.08333, 0.08333, 0.25000
3000000000.00, -0.00000, 0.08333, 0.08333, 0.25000
3010000000.00, -0.00000, 0.08333, 0.08333, 0.25000
3020000000.00, -0.00000, 0.08333, 0.08333, 0.25000
3030000000.00, -0.00000, 0.08333, 0.08333, 0.25000
3040000000.00, -0.00000, 0.08333, 0.08333, 0.25000
3050000000.00, -0.00000, 0.08333, 0.08333, 0.25000
3060000000.00, -0.00000, 0.08333, 0.08333, 0.25000
3070000000.00, -0.00000, 0.08333, 0.08333, 0.25000
3080000000.00, -0.00000, 0.08333, 0.08333, 0.25000
3090000000.00, -0.00000, 0.08333, 0.08333, 0.25000
3100000000.00, -0.00000, 0.08333, 0.08333, 0.25000
3110000000.00, -0.00000, 0.08333, 0.08333, 0.25000
3120000000.00, -0.00000, 0.08333, 0.08333, 0.25000
3130000000.00, -0.00000, 0.08333, 0.08333, 0.25000
3140000000.00, -0.00000, 0.08333, 0.08333, 0.25000
3150000000.00, -0.00000, 0.08333, 0.08333, 0.25000
3160000000.00, -0.00000, 0.08333, 0.08333, 0.25000
3170000000.00, -0.00000, 0.08333, 0.08333, 0.25000
3180000000.00, -0.00000, 0.08333, 0.08333, 0.25000
3190000000.00, -0.00000, 0.08333, 0.08333, 0.25000
3200000000.00, -0.00000, 0.08333, 0.08333, 0.25000
3210000000.00, -0.00000, 0.08333, 0.08333, 0.25000
3220000000.00, -0.00000, 0.08333, 0.08333, 0.25000
3230000000.00, -0.00000, 0.08333, 0.08333, 0.25000
3240000000.00, -0.00000, 0.08333, 0.08333, 0.25000
3250000000.00, -0.00000, 0.08333, 0.08333, 0.25000
3260000000.00, -0.00000, 0.08333, 0.08333, 0.25000
3270000000.00, -0.00000, 0.08333, 0.08333, 0.25000
3280000000.00, -0.00000, 0.08333, 0.08333, 0.25000
3290000000.00, -0.00000, 0.08333, 0.08333, 0.25000
3300000000.00, -0.00000, 0.08333, 0.08333, 0.25000
3310000000.00, -0.00000, 0.08333, 0.08333, 0.25000
3320000000.00, -0.00000, 0.08333, 0.08333, 0.25000
3330000000.00, -0.00000, 0.08333, 0.08333, 0.25000
3340000000.00, -0.00000, 0.08333, 0.08333, 0.25000
3350000000.00, -0.00000, 0.08333, 0.08333, 0.25000
3360000000.00, -0.00000, 0.08333, 0.08333, 0.25000
3370000000.00, -0.00000, 0.08333, 0.08333, 0.25000
3380000000.00, -0.00000, 0.08333, 0.08333, 0.25000
3390000000.00, -0.00000, 0.08333, 0.08333, 0.25000
3400000000.00, -0.00000, 0.08333, 0.08333, 0.25000
3410000000.00, -0.00000, 0.08333, 0.08333, 0.25000
3420000000.00, -0.00000, 0.08333, 0.08333, 0.25000
3430000000.00, -0.00000, 0.08333, 0.08333, 0.25000
3440000000.00, -0.00000, 0.08333, 0.08333, 0.25000
3450000000.00, -0.00000, 0.08333, 0.08333, 0.25000
3460000000.00, -0.00000, 0.08333, 0.08333, 0.25000
3470000000.00, -0.00000, 0.08333, 0.08333, 0.25000
3480000000.00, -0.00000, 0.08333, 0.08333, 0.25000
3490000000.00, -0.00000, 0.08333, 0.08333, 0.25000
3500000000.00, -0.00000, 0.08333, 0.08333, 0.25000
3510000000.00, -0.00000, 0.08333, 0.08333, 0.25000
3520000000.00, -0.00000, 0.08333, 0.08333, 0.25000
3530000000.00, -0.00000, 0.08333, 0.08333, 0.25000
3540000000.00, -0.00000, 0.08333, 0.08333, 0.25000
3550000000.00, -0.00000, 0.08333, 0.08333, 0.25000
3560000000.00, -0.00000, 0.08333, 0.08333, 0.25000
3570000000.00, -0.00000, 0.08333, 0.08333, 0.25000
3580000000.00, -0.00000, 0.08333, 0.08333, 0.25000
3590000000.00, -0.00000, 0.08333, 0.08333, 0.25000
3600000000.00, -0.00000, 0.08333, 0.08333, 0.25000
3610000000.00, -0.00000, 0.08333, 0.08333, 0.25000
3620000000.00, -0.00000, 0.08333, 0.08333, 0.25000
3630000000.00, -0.00000, 0.08333, 0.08333, 0.25000
3640000000.00, -0.00000, 0.08333, 0.08333, 0.25000
3650000000.00, -0.00000, 0.08333, 0.08333, 0.25000
3660000000.00, -0.00000, 0.08333, 0.08333, 0.25000
3670000000.00, -0.00000, 0.08333, 0.08333, 0.25000
3680000000.00, -0.00000, 0.08333, 0.08333, 0.25000
3690000000.00, -0.00000, 0.08333, 0.08333, 0.25000
3700000000.00, -0.00000, 0.08333, 0.08333, 0.25000
3710000000.00, -0.00000, 0.08333, 0.08333, 0.25000
3720000000.00, -0.00000, 0.08333, 0.08333, 0.25000
3730000000.00, -0.00000, 0.08333, 0.08333, 0.25000
3740000000.00, -0.00000, 0.08333, 0.08333, 0.25000
3750000000.00, -0.00000, 0.08333, 0.08333, 0.25000
3760000000.00, -0.00000, 0.08333, 0.08333, 0.25000
3770000000.00, -0.00000, 0.08333, 0.08333, 0.25000
3780000000.00, -0.00000, 0.08333, 0.08333, 0.25000
3790000000.00, -0.00000, 0.08333, 0.08333, 0.25000
3800000000.00, -0.00000, 0.08333, 0.08333, 0.25000
3810000000.00, -0.00000, 0.08333, 0.08333, 0.25000
3820000000.00, -0.00000, 0.08333, 0.08333, 0.25000
3830000000.00, -0.00000, 0.08333, 0.08333, 0.25000
3840000000.00, -0.00000, 0.08333, 0.08333, 0.25000
3850000000.00, -0.00000, 0.08333, 0.08333, 0.25000
3860000000.00, -0.00000, 0.08333, 0.08333, 0.25000
3870000000.00, -0.00000, 0.08333, 0.08333, 0.25000
3880000000.00, -0.00000, 0.08333, 0.08333, 0.25000
3890000000.00, -0.00000, 0.08333, 0.08333, 0.25000
3900000000.00, -0.00000, 0.08333, 0.08333, 0.25000
3910000000.00, -0.00000, 0.08333, 0.08333, 0.25000
3920000000.00, -0.00000, 0.08333, 0.08333, 0.25000
3930000000.00, -0.00000, 0.08333, 0.08333, 0.25000
3940000000.00, -0.00000, 0.08333, 0.08333, 0.25000
3950000000.00, -0.00000, 0.08333, 0.08333, 0.25000
3960000000.00, -0.00000, 0.08333, 0.08333, 0.25000
3970000000.00, -0.00000, 0.08333, 0.08333, 0.25000
3980000000.00, -0.00000, 0.08333, 0.08333, 0.25000
3990000000.00, -0.00000, 0.08333, 0.08333, 0.25000
4000000000.00, -0.00000, 0.08333, 0.08333, 0.25000
4010000000.00, -0.00000, 0.08333, 0.08333, 0.25000
4020000000.00, -0.00000, 0.08333, 0.08333, 0.25000
4030000000.00, -0.00000, 0.08333, 0.08333, 0.25000
4040000000.00, -0.00000, 0.08333, 0.08333, 0.25000
4050000000.00, -0.00000, 0.08333, 0.08333, 0.25000
4060000000.00, -0.00000, 0.08333, 0.08333, 0.25000
4070000000.00, -0.00000, 0.08333, 0.08333, 0.25000
4080000000.00, -0.00000, 0.08333, 0.08333, 0.25000
4090000000.00, -0.00000, 0.08333, 0.08333, 0.25000
4100000000.00, -0.00000, 0.08333, 0.08333, 0.25000
4110000000.00, -0.00000, 0.08333, 0.08333, 0.25000
4120000000.00, -0.00000, 0.08333, 0.08333, 0.25000
4130000000.00, -0.00000, 0.08333, 0.08333, 0.25000
4140000000.00, -0.00000, 0.08333, 0.08333, 0.25000
4150000000.00, -0.00000, 0.08333, 0.08333, 0.25000
4160000000.00, -0.00000, 0.08333, 0.08333, 0.25000
4170000000.00, -0.00000, 0.08333, 0.08333, 0.25000
4180000000.00, -0.00000, 0.08333, 0.08333, 0.25000
4190000000.00, -0.00000, 0.08333, 0.08333, 0.25000
4200000000.00, -0.00000, 0.08333, 0.08333, 0.25000
4210000000.00, -0.00000, 0.08333, 0.08333, 0.25000
4220000000.00, -0.00000, 0.08333, 0.08333, 0.25000
4230000000.00, -0.00000, 0.08333, 0.08333, 0.25000
4240000000.00, -0.00000, 0.08333, 0.08333, 0.25000
4250000000.00, -0.00000, 0.08333, 0.08333, 0.25000
4260000000.00, -0.00000, 0.08333, 0.08333, 0.25000
4270000000.00, -0.00000, 0.08333, 0.08333, 0.25000
4280000000.00, -0.00000, 0.08333, 0.08333, 0.25000
4290000000.00, -0.00000, 0.08333, 0.08333, 0.25000
4300000000.00, -0.00000, 0.08333, 0.08333, 0.25000
4310000000.00, -0.00000, 0.08333, 0.08333, 0.25000
4320000000.00, -0.00000, 0.08333, 0.08333, 0.25000
4330000000.00, -0.00000, 0.08333, 0.08333, 0.25000
4340000000.00, -0.00000, 0.08333, 0.08333, 0.25000
4350000000.00, -0.00000, 0.08333, 0.08333, 0.25000
4360000000.00, -0.00000, 0.08333, 0.08333, 0.25000
4370000000.00, -0.00000, 0.08333, 0.08333, 0.25000
4380000000.00, -0.00000, 0.08333, 0.08333, 0.25000
4390000000.00, -0.00000, 0.08333, 0.08333, 0.25000
4400000000.00, -0.00000, 0.08333, 0.08333, 0.25000
4410000000.00, -0.00000, 0.08333, 0.08333, 0.25000
4420000000.00, -0.00000, 0.08333, 0.08333, 0.25000
4430000000.00, -0.00000, 0.08333, 0.08333, 0.25000
4440000000.00, -0.00000, 0.08333, 0.08333, 0.25000
4450000000.00, -0.00000, 0.08333, 0.08333, 0.25000
4460000000.00, -0.00000, 0.08333, 0.08333, 0.25000
4470000000.00, -0.00000, 0.08333, 0.08333, 0.25000
4480000000.00, -0.00000, 0.08333, 0.08333, 0.25000
4490000000.00, -0.00000, 0.08333, 0.08333, 0.25000
4500000000.00, -0.00000, 0.08333, 0.08333, 0.25000
4510000000.00, -0.00000, 0.08333, 0.08333, 0.25000
4520000000.00, -0.00000, 0.08333, 0.08333, 0.25000
4530000000.00, -0.00000, 0.08333, 0.08333, 0.25000
4540000000.00, -0.00000, 0.08333, 0.08333, 0.25000
4550000000.00, -0.00000, 0.08333, 0.08333, 0.25000
4560000000.00, -0.00000, 0.08333, 0.08333, 0.25000
4570000000.00, -0.00000, 0.08333, 0.08333, 0.25000
4580000000.00, -0.00000, 0.08333, 0.08333, 0.25000
4590000000.00, -0.00000, 0.08333, 0.08333, 0.25000
4600000000.00, -0.00000, 0.08333, 0.08333, 0.25000
4610000000.00, -0.00000, 0.08333, 0.08333, 0.25000
4620000000.00, -0.00000, 0.08333, 0.08333, 0.25000
4630000000.00, -0.00000, 0.08333, 0.08333, 0.25000
4640000000.00, -0.00000, 0.08333, 0.08333, 0.25000
4650000000.00, -0.00000, 0.08333, 0.08333, 0.25000
4660000000.00, -0.00000, 0.08333, 0.08333, 0.25000
4670000000.00, -0.00000, 0.08333, 0.08333, 0.25000
4680000000.00, -0.00000, 0.08333, 0.08333, 0.25000
4690000000.00, -0.00000, 0.08333, 0.08333, 0.25000
4700000000.00, -0.00000, 0.08333, 0.08333, 0.25000
4710000000.00, -0.00000, 0.08333, 0.08333, 0.25000
4720000000.00, -0.00000, 0.08333, 0.08333, 0.25000
4730000000.00, -0.00000, 0.08333, 0.08333, 0.25000
4740000000.00, -0.00000, 0.08333, 0.08333, 0.25000
4750000000.00, -0.00000, 0.08333, 0.08333, 0.25000
4760000000.00, -0.00000, 0.08333, 0.08333, 0.25000
4770000000.00, -0.00000, 0.08333, 0.08333, 0.25000
4780000000.00, -0.00000, 0.08333, 0.08333, 0.25000
4790000000.00, -0.00000, 0.08333, 0.08333, 0.25000
4800000000.00, -0.00000, 0.08333, 0.08333, 0.25000
4810000000.00, -0.00000, 0.08333, 0.08333, 0.25000
4820000000.00, -0.00000, 0.08333, 0.08333, 0.25000
4830000000.00, -0.00000, 0.08333, 0.08333, 0.25000
4840000000.00, -0.00000, 0.08333, 0.08333, 0.25000
4850000000.00, -0.00000, 0.08333, 0.08333, 0.25000
4860000000.00, -0.00000, 0.08333, 0.08333, 0.25000
4870000000.00, -0.00000, 0.08333, 0.08333, 0.25000
4880000000.00, -0.00000, 0.08333, 0.08333, 0.25000
4890000000.00, -0.00000, 0.08333, 0.08333, 0.25000
4900000000.00, -0.00000, 0.08333, 0.08333, 0.25000
4910000000.00, -0.00000, 0.08333, 0.08333, 0.25000
4920000000.00, -0.00000, 0.08333, 0.08333, 0.25000
4930000000.00, -0.00000, 0.08333, 0.08333, 0.25000
4940000000.00, -0.00000, 0.08333, 0.08333, 0.25000
4950000000.00, -0.00000, 0.08333, 0.08333, 0.25000
4960000000.00, -0.00000, 0.08333, 0.08333, 0.25000
4970000000.00, -0.00000, 0.08333, 0.08333, 0.25000
4980000000.00, -0.00000, 0.08333, 0.08333, 0.25000
4990000000.00, -0.00000, 0.08333, 0.08333, 0.25000
5000000000.00, -0.00000, 0.08333, 0.08333, 0.25000
5010000000.00, -0.00000, 0.08333, 0.08333, 0.25000
5020000000.00, -0.00000, 0.08333, 0.08333, 0.25000
5030000000.00, -0.00000, 0.08333, 0.08333, 0.25000
5040000000.00, -0.00000, 0.08333, 0.08333, 0.25000
5050000000.00, -0.00000, 0.08333, 0.08333, 0.25000
5060000000.00, -0.00000, 0.08333, 0.08333, 0.25000
5070000000.00, -0.00000, 0.08333, 0.08333, 0.25000
5080000000.00, -0.00000, 0.08333, 0.08333, 0.25000
5090000000.00, -0.00000, 0.08333, 0.08333, 0.25000
5100000000.00, -0.00000, 0.08333, 0.08333, 0.25000
5110000000.00, -0.00000, 0.08333, 0.08333, 0.25000
5120000000.00, -0.00000, 0.08333, 0.08333, 0.25000
5130000000.00, -0.00000, 0.08333, 0.08333, 0.25000
5140000000.00, -0.00000, 0.08333, 0.08333, 0.25000
5150000000.00, -0.00000, 0.08333, 0.08333, 0.25000
5160000000.00, -0.00000, 0.08333, 0.08333, 0.25000
5170000000.00, -0.00000, 0.08333, 0.08333, 0.25000
5180000000.00, -0.00000, 0.08333, 0.08333, 0.25000
5190000000.00, -0.00000, 0.08333, 0.08333, 0.25000
5200000000.00, -0.00000, 0.08333, 0.08333, 0.25000
5210000000.00, -0.00000, 0.08333, 0.08333, 0.25000
5220000000.00, -0.00000, 0.08333, 0.08333, 0.25000
5230000000.00, -0.00000, 0.08333, 0.08333, 0.25000
5240000000.00, -0.00000, 0.08333, 0.08333, 0.25000
5250000000.00, -0.00000, 0.08333, 0.08333, 0.25000
5260000000.00, -0.00000, 0.08333, 0.08333, 0.25000
5270000000.00, -0.00000, 0.08333, 0.08333, 0.25000
5280000000.00, -0.00000, 0.08333, 0.08333, 0.25000
5290000000.00, -0.00000, 0.08333, 0.08333, 0.25000
5300000000.00, -0.00000, 0.08333, 0.08333, 0.25000
5310000000.00, -0.00000, 0.08333, 0.08333, 0.25000
5320000000.00, -0.00000, 0.08333, 0.08333, 0.25000
5330000000.00, -0.00000, 0.08333, 0.08333, 0.25000
5340000000.00, -0.00000, 0.08333, 0.08333, 0.25000
5350000000.00, -0.00000, 0.08333, 0.08333, 0.25000
5360000000.00, -0.00000, 0.08333, 0.08333, 0.25000
5370000000.00, -0.00000, 0.08333, 0.08333, 0.25000
5380000000.00, -0.00000, 0.08333, 0.08333, 0.25000
5390000000.00, -0.00000, 0.08333, 0.08333, 0.25000
5400000000.00, -0.00000, 0.08333, 0.08333, 0.25000
5410000000.00, -0.00000, 0.08333, 0.08333, 0.25000
5420000000.00, -0.00000, 0.08333, 0.08333, 0.25000
5430000000.00, -0.00000, 0.08333, 0.08333, 0.25000
5440000000.00, -0.00000, 0.08333, 0.08333, 0.25000
5450000000.00, -0.00000, 0.08333, 0.08333, 0.25000
5460000000.00, -0.00000, 0.08333, 0.08333, 0.25000
5470000000.00, -0.00000, 0.08333, 0.08333, 0.25000
5480000000.00, -0.00000, 0.08333, 0.08333, 0.25000
5490000000.00, -0.00000, 0.08333, 0.08333, 0.25000
5500000000.00, -0.00000, 0.08333, 0.08333, 0.25000
5510000000.00, -0.00000, 0.08333, 0.08333, 0.25000
5520000000.00, -0.00000, 0.08333, 0.08333, 0.25000
5530000000.00, -0.00000, 0.08333, 0.08333, 0.25000
5540000000.00, -0.00000, 0.08333, 0.08333, 0.25000
5550000000.00, -0.00000, 0.08333, 0.08333, 0.25000
5560000000.00, -0.00000, 0.08333, 0.08333, 0.25000
5570000000.00, -0.00000, 0.08333, 0.08333, 0.25000
5580000000.00, -0.00000, 0.08333, 0.08333, 0.25000
5590000000.00, -0.00000, 0.08333, 0.08333, 0.25000
5600000000.00, -0.00000, 0.08333, 0.08333, 0.25000
5610000000.00, -0.00000, 0.08333, 0.08333, 0.25000
5620000000.00, -0.00000, 0.08333, 0.08333, 0.25000
5630000000.00, -0.00000, 0.08333, 0.08333, 0.25000
5640000000.00, -0.00000, 0.08333, 0.08333, 0.25000
5650000000.00, -0.00000, 0.08333, 0.08333, 0.25000
5660000000.00, -0.00000, 0.08333, 0.08333, 0.25000
5670000000.00, -0.00000, 0.08333, 0.08333, 0.25000
5680000000.00, -0.00000, 0.08333, 0.08333, 0.25000
5690000000.00, -0.00000, 0.08333, 0.08333, 0.25000
5700000000.00, -0.00000, 0.08333, 0.08333, 0.25000
5710000000.00, -0.00000, 0.08333, 0.08333, 0.25000
5720000000.00, -0.00000, 0.08333, 0.08333, 0.25000
5730000000.00, -0.00000, 0.08333, 0.08333, 0.25000
5740000000.00, -0.00000, 0.08333, 0.08333, 0.25000
5750000000.00, -0.00000, 0.08333, 0.08333, 0.25000
5760000000.00, -0.00000, 0.08333, 0.08333, 0.25000
5770000000.00, -0.00000, 0.08333, 0.08333, 0.25000
5780000000.00, -0.00000, 0.08333, 0.08333, 0.25000
5790000000.00, -0.00000, 0.08333, 0.08333, 0.25000
5800000000.00, -0.00000, 0.08333, 0.08333, 0.25000
5810000000.00, -0.00000, 0.08333, 0.08333, 0.25000
5820000000.00, -0.00000, 0.08333, 0.08333, 0.25000
5830000000.00, -0.00000, 0.08333, 0.08333, 0.25000
5840000000.00, -0.00000, 0.08333, 0.08333, 0.25000
5850000000.00, -0.00000, 0.08333, 0.08333, 0.25000
5860000000.00, -0.00000, 0.08333, 0.08333, 0.25000
5870000000.00, -0.00000, 0.08333, 0.08333, 0.25000
5880000000.00, -0.00000, 0.08333, 0.08333, 0.25000
5890000000.00, -0.00000, 0.08333, 0.08333, 0.25000
5900000000.00, -0.00000, 0.08333, 0.08333, 0.25000
5910000000.00, -0.00000, 0.08333, 0.08333, 0.25000
5920000000.00, -0.00000, 0.08333, 0.08333, 0.25000
5930000000.00, -0.00000, 0.08333, 0.08333, 0.25000
5940000000.00, -0.00000, 0.08333, 0.08333, 0.25000
5950000000.00, -0.00000, 0.08333, 0.08333, 0.25000
5960000000.00, -0.00000, 0.08333, 0.08333, 0.25000
5970000000.00, -0.00000, 0.08333, 0.08333, 0.25000
5980000000.00, -0.00000, 0.08333, 0.08333, 0.25000
5990000000.00, -0.00000, 0.08333, 0.08333, 0.25000
6000000000.00, -0.00000, 0.08333, 0.08333, 0.25000
6010000000.00, -0.00000, 0.08333, 0.08333, 0.25000
6020000000.00, -0.00000, 0.08333, 0.08333, 0.25000
6030000000.00, -0.00000, 0.08333, 0.08333, 0.25000
6040000000.00, -0.00000, 0.08333, 0.08333, 0.25000
6050000000.00, -0.00000, 0.08333, 0.08333, 0.25000
6060000000.00, -0.00000, 0.08333, 0.08333, 0.25000
6070000000.00, -0.00000, 0.08333, 0.08333, 0.25000
6080000000.00, -0.00000, 0.08333, 0.08333, 0.25000
6090000000.00, -0.00000, 0.08333, 0.08333, 0.25000
6100000000.00, -0.00000, 0.08333, 0.08333, 0.25000
6110000000.00, -0.00000, 0.08333, 0.08333, 0.25000
6120000000.00, -0.00000, 0.08333, 0.08333, 0.25000
6130000000.00, -0.00000, 0.08333, 0.08333, 0.25000
6140000000.00, -0.00000, 0.08333, 0.08333, 0.25000
6150000000.00, -0.00000, 0.08333, 0.08333, 0.25000
6160000000.00, -0.00000, 0.08333, 0.08333, 0.25000
6170000000.00, -0.00000, 0.08333, 0.08333, 0.25000
6180000000.00, -0.00000, 0.08333, 0.08333, 0.25000
6190000000.00, -0.00000, 0.08333, 0.08333, 0.25000
6200000000.00, -0.00000, 0.08333, 0.08333, 0.25000
6210000000.00, -0.00000, 0.08333, 0.08333, 0.25000
6220000000.00, -0.00000, 0.08333, 0.08333, 0.25000
6230000000.00, -0.00000, 0.08333, 0.08333, 0.25000
6240000000.00, -0.00000, 0.08333, 0.08333, 0.25000
6250000000.00, -0.00000, 0.08333, 0.08333, 0.25000
6260000000.00, -0.00000, 0.08333, 0.08333, 0.25000
6270000000.00, -0.00000, 0.08333, 0.08333, 0.25000
6280000000.00, -0.00000, 0.08333, 0.08333, 0.25000
6290000000.00, -0.00000, 0.08333, 0.08333, 0.25000
6300000000.00, -0.00000, 0.08333, 0.08333, 0.25000
6310000000.00, -0.00000, 0.08333, 0.08333, 0.25000
6320000000.00, -0.00000, 0.08333, 0.08333, 0.25000
6330000000.00, -0.00000, 0.08333, 0.08333, 0.25000
6340000000.00, -0.00000, 0.08333, 0.08333, 0.25000
6350000000.00, -0.00000, 0.08333, 0.08333, 0.25000
6360000000.00, -0.00000, 0.08333, 0.08333, 0.25000
6370000000.00, -0.00000, 0.08333, 0.08333, 0.25000
6380000000.00, -0.00000, 0.08333, 0.08333, 0.25000
6390000000.00, -0.00000, 0.08333, 0.08333, 0.25000
6400000000.00, -0.00000, 0.08333, 0.08333, 0.25000
6410000000.00, -0.00000, 0.08333, 0.08333, 0.25000
6420000000.00, -0.00000, 0.08333, 0.08333, 0.25000
6430000000.00, -0.00000, 0.08333, 0.08333, 0.25000
6440000000.00, -0.00000, 0.08333, 0.08333, 0.25000
6450000000.00, -0.00000, 0.08333, 0.08333, 0.25000
6460000000.00, -0.00000, 0.08333, 0.08333, 0.25000
6470000000.00, -0.00000, 0.08333, 0.08333, 0.25000
6480000000.00, -0.00000, 0.08333, 0.08333, 0.25000
6490000000.00, -0.00000, 0.08333, 0.08333, 0.25000
6500000000.00, -0.00000, 0.08333, 0.08333, 0.25000
6510000000.00, -0.00000, 0.08333, 0.08333, 0.25000
6520000000.00, -0.00000, 0.08333, 0.08333, 0.25000
6530000000.00, -0.00000, 0.08333, 0.08333, 0.25000
6540000000.00, -0.00000, 0.08333, 0.08333, 0.25000
6550000000.00, -0.00000, 0.08333, 0.08333, 0.25000
6560000000.00, -0.00000, 0.08333, 0.08333, 0.25000
6570000000.00, -0.00000, 0.08333, 0.08333, 0.25000
6580000000.00, -0.00000, 0.08333, 0.08333, 0.25000
6590000000.00, -0.00000, 0.08333, 0.08333, 0.25000
6600000000.00, -0.00000, 0.08333, 0.08333, 0.25000
6610000000.00, -0.00000, 0.08333, 0.08333, 0.25000
6620000000.00, -0.00000, 0.08333, 0.08333, 0.25000
6630000000.00, -0.00000, 0.08333, 0.08333, 0.25000
6640000000.00, -0.00000, 0.08333, 0.08333, 0.25000
6650000000.00, -0.00000, 0.08333, 0.08333, 0.25000
6660000000.00, -0.00000, 0.08333, 0.08333, 0.25000
6670000000.00, -0.00000, 0.08333, 0.08333, 0.25000
6680000000.00, -0.00000, 0.08333, 0.08333, 0.25000
6690000000.00, -0.00000, 0.08333, 0.08333, 0.25000
6700000000.00, -0.00000, 0.08333, 0.08333, 0.25000
6710000000.00, -0.00000, 0.08333, 0.08333, 0.25000
6720000000.00, -0.00000, 0.08333, 0.08333, 0.25000
6730000000.00, -0.00000, 0.08333, 0.08333, 0.25000
6740000000.00, -0.00000, 0.08333, 0.08333, 0.25000
6750000000.00, -0.00000, 0.08333, 0.08333, 0.25000
6760000000.00, -0.00000, 0.08333, 0.08333, 0.25000
6770000000.00, -0.00000, 0.08333, 0.08333, 0.25000
6780000000.00, -0.00000, 0.08333, 0.08333, 0.25000
6790000000.00, -0.00000, 0.08333, 0.08333, 0.25000
6800000000.00, -0.00000, 0.08333, 0.08333, 0.25000
6810000000.00, -0.00000, 0.08333, 0.08333, 0.25000
6820000000.00, -0.00000, 0.08333, 0.08333, 0.25000
6830000000.00, -0.00000, 0.08333, 0.08333, 0.25000
6840000000.00, -0.00000, 0.08333, 0.08333, 0.25000
6850000000.00, -0.00000, 0.08333, 0.08333, 0.25000
6860000000.00, -0.00000, 0.08333, 0.08333, 0.25000
6870000000.00, -0.00000, 0.08333, 0.08333, 0.25000
6880000000.00, -0.00000, 0.08333, 0.08333, 0.25000
6890000000.00, -0.00000, 0.08333, 0.08333, 0.25000
6900000000.00, -0.00000, 0.08333, 0.08333, 0.25000
6910000000.00, -0.00000, 0.08333, 0.08333, 0.25000
6920000000.00, -0.00000, 0.08333, 0.08333, 0.25000
6930000000.00, -0.00000, 0.08333, 0.08333, 0.25000
6940000000.00, -0.00000, 0.08333, 0.08333, 0.25000
6950000000.00, -0.00000, 0.08333, 0.08333, 0.25000
6960000000.00, -0.00000, 0.08333, 0.08333, 0.25000
6970000000.00, -0.00000, 0.08333, 0.08333, 0.25000
6980000000.00, -0.00000, 0.08333, 0.08333, 0.25000
6990000000.00, -0.00000, 0.08333, 0.08333, 0.25000
7000000000.00, -0.00000, 0.08333, 0.08333, 0.25000
7010000000.00, -0.00000, 0.08333, 0.08333, 0.25000
7020000000.00, -0.00000, 0.08333, 0.08333, 0.25000
7030000000.00, -0.00000, 0.08333, 0.08333, 0.25000
7040000000.00, -0.00000, 0.08333, 0.08333, 0.25000
7050000000.00, -0.00000, 0.08333, 0.08333, 0.25000
7060000000.00, -0.00000, 0.08333, 0.08333, 0.25000
7070000000.00, -0.00000, 0.08333, 0.08333, 0.25000
7080000000.00, -0.00000, 0.08333, 0.08333, 0.25000
7090000000.00, -0.00000, 0.08333, 0.08333, 0.25000
7100000000.00, -0.00000, 0.08333, 0.08333, 0.25000
7110000000.00, -0.00000, 0.08333, 0.08333, 0.25000
7120000000.00, -0.00000, 0.08333, 0.08333, 0.25000
7130000000.00, -0.00000, 0.08333, 0.08333, 0.25000
7140000000.00, -0.00000, 0.08333, 0.08333, 0.25000
7150000000.00, -0.00000, 0.08333, 0.08333, 0.25000
7160000000.00, -0.00000, 0.08333, 0.08333, 0.25000
7170000000.00, -0.00000, 0.08333, 0.08333, 0.25000
7180000000.00, -0.00000, 0.08333, 0.08333, 0.25000
7190000000.00, -0.00000, 0.08333, 0.08333, 0.25000
7200000000.00, -0.00000, 0.08333, 0.08333, 0.25000
7210000000.00, -0.00000, 0.08333, 0.08333, 0.25000
7220000000.00, -0.00000, 0.08333, 0.08333, 0.25000
7230000000.00, -0.00000, 0.08333, 0.08333, 0.25000
7240000000.00, -0.00000, 0.08333, 0.08333, 0.25000
7250000000.00, -0.00000, 0.08333, 0.08333, 0.25000
7260000000.00, -0.00000, 0.08333, 0.08333, 0.25000
7270000000.00, -0.00000, 0.08333, 0.08333, 0.25000
7280000000.00, -0.00000, 0.08333, 0.08333, 0.25000
7290000000.00, -0.00000, 0.08333, 0.08333, 0.25000
7300000000.00, -0.00000, 0.08333, 0.08333, 0.25000
7310000000.00, -0.00000, 0.08333, 0.08333, 0.25000
7320000000.00, -0.00000, 0.08333, 0.08333, 0.25000
7330000000.00, -0.00000, 0.08333, 0.08333, 0.25000
7340000000.00, -0.00000, 0.08333, 0.08333, 0.25000
7350000000.00, -0.00000, 0.08333, 0.08333, 0.25000
7360000000.00, -0.00000, 0.08333, 0.08333, 0.25000
7370000000.00, -0.00000, 0.08333, 0.08333, 0.25000
7380000000.00, -0.00000, 0.08333, 0.08333, 0.25000
7390000000.00, -0.00000, 0.08333, 0.08333, 0.25000
7400000000.00, -0.00000, 0.08333, 0.08333, 0.25000
7410000000.00, -0.00000, 0.08333, 0.08333, 0.25000
7420000000.00, -0.00000, 0.08333, 0.08333, 0.25000
7430000000.00, -0.00000, 0.08333, 0.08333, 0.25000
7440000000.00, -0.00000, 0.08333, 0.08333, 0.25000
7450000000.00, -0.00000, 0.08333, 0.08333, 0.25000
7460000000.00, -0.00000, 0.08333, 0.08333, 0.25000
7470000000.00, -0.00000, 0.08333, 0.08333, 0.25000
7480000000.00, -0.00000, 0.08333, 0.08333, 0.25000
7490000000.00, -0.00000, 0.08333, 0.08333, 0.25000
7500000000.00, -0.00000, 0.08333, 0.08333, 0.25000
7510000000.00, -0.00000, 0.08333, 0.08333, 0.25000
7520000000.00, -0.00000, 0.08333, 0.08333, 0.25000
7530000000.00, -0.00000, 0.08333, 0.08333, 0.25000
7540000000.00, -0.00000, 0.08333, 0.08333, 0.25000
7550000000.00, -0.00000, 0.08333, 0.08333, 0.25000
7560000000.00, -0.00000, 0.08333, 0.08333, 0.25000
7570000000.00, -0.00000, 0.08333, 0.08333, 0.25000
7580000000.00, -0.00000, 0.08333, 0.08333, 0.25000
7590000000.00, -0.00000, 0.08333, 0.08333, 0.25000
7600000000.00, -0.00000, 0.08333, 0.08333, 0.25000
7610000000.00, -0.00000, 0.08333, 0.08333, 0.25000
7620000000.00, -0.00000, 0.08333, 0.08333, 0.25000
7630000000.00, -0.00000, 0.08333, 0.08333, 0.25000
7640000000.00, -0.00000, 0.08333, 0.08333, 0.25000
7650000000.00, -0.00000, 0.08333, 0.08333, 0.25000
7660000000.00, -0.00000, 0.08333, 0.08333, 0.25000
7670000000.00, -0.00000, 0.08333, 0.08333, 0.25000
7680000000.00, -0.00000, 0.08333, 0.08333, 0.25000
7690000000.00, -0.00000, 0.08333, 0.08333, 0.25000
7700000000.00, -0.00000, 0.08333, 0.08333, 0.25000
7710000000.00, -0.00000, 0.08333, 0.08333, 0.25000
7720000000.00, -0.00000, 0.08333, 0.08333, 0.25000
7730000000.00, -0.00000, 0.08333, 0.08333, 0.25000
7740000000.00, -0.00000, 0.08333, 0.08333, 0.25000
7750000000.00, -0.00000, 0.08333, 0.08333, 0.25000
7760000000.00, -0.00000, 0.08333, 0.08333, 0.25000
7770000000.00, -0.00000, 0.08333, 0.08333, 0.25000
7780000000.00, -0.00000, 0.08333, 0.08333, 0.25000
7790000000.00, -0.00000, 0.08333, 0.08333, 0.25000
7800000000.00, -0.00000, 0.08333, 0.08333, 0.25000
7810000000.00, -0.00000, 0.08333, 0.08333, 0.25000
7820000000.00, -0.00000, 0.08333, 0.08333, 0.25000
7830000000.00, -0.00000, 0.08333, 0.08333, 0.25000
7840000000.00, -0.00000, 0.08333, 0.08333, 0.25000
7850000000.00, -0.00000, 0.08333, 0.08333, 0.25000
7860000000.00, -0.00000, 0.08333, 0.08333, 0.25000
7870000000.00, -0.00000, 0.08333, 0.08333, 0.25000
7880000000.00, -0.00000, 0.08333, 0.08333, 0.25000
7890000000.00, -0.00000, 0.08333, 0.08333, 0.25000
7900000000.00, -0.00000, 0.08333, 0.08333, 0.25000
7910000000.00, -0.00000, 0.08333, 0.08333, 0.25000
7920000000.00, -0.00000, 0.08333, 0.08333, 0.25000
7930000000.00, -0.00000, 0.08333, 0.08333, 0.25000
7940000000.00, -0.00000, 0.08333, 0.08333, 0.25000
7950000000.00, -0.00000, 0.08333, 0.08333, 0.25000
7960000000.00, -0.00000, 0.08333, 0.08333, 0.25000
7970000000.00, -0.00000, 0.08333, 0.08333, 0.25000
7980000000.00, -0.00000, 0.08333, 0.08333, 0.25000
7990000000.00, -0.00000, 0.08333, 0.08333, 0.25000
8000000000.00, -0.00000, 0.08333, 0.08333, 0.25000
8010000000.00, -0.00000, 0.08333, 0.08333, 0.25000
8020000000.00, -0.00000, 0.08333, 0.08333, 0.25000
8030000000.00, -0.00000, 0.08333, 0.08333, 0.25000
8040000000.00, -0.00000, 0.08333, 0.08333, 0.25000
8050000000.00, -0.00000, 0.08333, 0.08333, 0.25000
8060000000.00, -0.00000, 0.08333, 0.08333, 0.25000
8070000000.00, -0.00000, 0.08333, 0.08333, 0.25000
8080000000.00, -0.00000, 0.08333, 0.08333, 0.25000
8090000000.00, -0.00000, 0.08333, 0.08333, 0.25000
8100000000.00, -0.00000, 0.08333, 0.08333, 0.25000
8110000000.00, -0.00000, 0.08333, 0.08333, 0.25000
8120000000.00, -0.00000, 0.08333, 0.08333, 0.25000
8130000000.00, -0.00000, 0.08333, 0.08333, 0.25000
8140000000.00, -0.00000, 0.08333, 0.08333, 0.25000
8150000000.00, -0.00000, 0.08333, 0.08333, 0.25000
8160000000.00, -0.00000, 0.08333, 0.08333, 0.25000
8170000000.00, -0.00000, 0.08333, 0.08333, 0.25000
8180000000.00, -0.00000, 0.08333, 0.08333, 0.25000
8190000000.00, -0.00000, 0.08333, 0.08333, 0.25000
8200000000.00, -0.00000, 0.08333, 0.08333, 0.25000
8210000000.00, -0.00000, 0.08333, 0.08333, 0.25000
8220000000.00, -0.00000, 0.08333, 0.08333, 0.25000
8230000000.00, -0.00000, 0.08333, 0.08333, 0.25000
8240000000.00, -0.00000, 0.08333, 0.08333, 0.25000
8250000000.00, -0.00000, 0.08333, 0.08333, 0.25000
8260000000.00, -0.00000, 0.08333, 0.08333, 0.25000
8270000000.00, -0.00000, 0.08333, 0.08333, 0.25000
8280000000.00, -0.00000, 0.08333, 0.08333, 0.25000
8290000000.00, -0.00000, 0.08333, 0.08333, 0.25000
8300000000.00, -0.00000, 0.08333, 0.08333, 0.25000
8310000000.00, -0.00000, 0.08333, 0.08333, 0.25000
8320000000.00, -0.00000, 0.08333, 0.08333, 0.25000
8330000000.00, -0.00000, 0.08333, 0.08333, 0.25000
8340000000.00, -0.00000, 0.08333, 0.08333, 0.25000
8350000000.00, -0.00000, 0.08333, 0.08333, 0.25000
8360000000.00, -0.00000, 0.08333, 0.08333, 0.25000
8370000000.00, -0.00000, 0.08333, 0.08333, 0.25000
8380000000.00, -0.00000, 0.08333, 0.08333, 0.25000
8390000000.00, -0.00000, 0.08333, 0.08333, 0.25000
8400000000.00, -0.00000, 0.08333, 0.08333, 0.25000
8410000000.00, -0.00000, 0.08333, 0.08333, 0.25000
8420000000.00, -0.00000, 0.08333, 0.08333, 0.25000
8430000000.00, -0.00000, 0.08333, 0.08333, 0.25000
8440000000.00, -0.00000, 0.08333, 0.08333, 0.25000
8450000000.00, -0.00000, 0.08333, 0.08333, 0.25000
8460000000.00, -0.00000, 0.08333, 0.08333, 0.25000
8470000000.00, -0.00000, 0.08333, 0.08333, 0.25000
8480000000.00, -0.00000, 0.08333, 0.08333, 0.25000
8490000000.00, -0.00000, 0.08333, 0.08333, 0.25000
8500000000.00, -0.00000, 0.08333, 0.08333, 0.25000
8510000000.00, -0.00000, 0.08333, 0.08333, 0.25000
8520000000.00, -0.00000, 0.08333, 0.08333, 0.25000
8530000000.00, -0.00000, 0.08333, 0.08333, 0.25000
8540000000.00, -0.00000, 0.08333, 0.08333, 0.25000
8550000000.00, -0.00000, 0.08333, 0.08333, 0.25000
8560000000.00, -0.00000, 0.08333, 0.08333, 0.25000
8570000000.00, -0.00000, 0.08333, 0.08333, 0.25000
8580000000.00, -0.00000, 0.08333, 0.08333, 0.25000
8590000000.00, -0.00000, 0.08333, 0.08333, 0.25000
8600000000.00, -0.00000, 0.08333, 0.08333, 0.25000
8610000000.00, -0.00000, 0.08333, 0.08333, 0.25000
8620000000.00, -0.00000, 0.08333, 0.08333, 0.25000
8630000000.00, -0.00000, 0.08333, 0.08333, 0.25000
8640000000.00, -0.00000, 0.08333, 0.08333, 0.25000
8650000000.00, -0.00000, 0.08333, 0.08333, 0.25000
8660000000.00, -0.00000, 0.08333, 0.08333, 0.25000
8670000000.00, -0.00000, 0.08333, 0.08333, 0.25000
8680000000.00, -0.00000, 0.08333, 0.08333, 0.25000
8690000000.00, -0.00000, 0.08333, 0.08333, 0.25000
8700000000.00, -0.00000, 0.08333, 0.08333, 0.25000
8710000000.00, -0.00000, 0.08333, 0.08333, 0.25000
8720000000.00, -0.00000, 0.08333, 0.08333, 0.25000
8730000000.00, -0.00000, 0.08333, 0.08333, 0.25000
8740000000.00, -0.00000, 0.08333, 0.08333, 0.25000
8750000000.00, -0.00000, 0.08333, 0.08333, 0.25000
8760000000.00, -0.00000, 0.08333, 0.08333, 0.25000
8770000000.00, -0.00000, 0.08333, 0.08333, 0.25000
8780000000.00, -0.00000, 0.08333, 0.08333, 0.25000
8790000000.00, -0.00000, 0.08333, 0.08333, 0.25000
8800000000.00, -0.00000, 0.08333, 0.08333, 0.25000
8810000000.00, -0.00000, 0.08333, 0.08333, 0.25000
8820000000.00, -0.00000, 0.08333, 0.08333, 0.25000
8830000000.00, -0.00000, 0.08333, 0.08333, 0.25000
8840000000.00, -0.00000, 0.08333, 0.08333, 0.25000
8850000000.00, -0.00000, 0.08333, 0.08333, 0.25000
8860000000.00, -0.00000, 0.08333, 0.08333, 0.25000
8870000000.00, -0.00000, 0.08333, 0.08333, 0.25000
8880000000.00, -0.00000, 0.08333, 0.08333, 0.25000
8890000000.00, -0.00000, 0.08333, 0.08333, 0.25000
8900000000.00, -0.00000, 0.08333, 0.08333, 0.25000
8910000000.00, -0.00000, 0.08333, 0.08333, 0.25000
8920000000.00, -0.00000, 0.08333, 0.08333, 0.25000
8930000000.00, -0.00000, 0.08333, 0.08333, 0.25000
8940000000.00, -0.00000, 0.08333, 0.08333, 0.25000
8950000000.00, -0.00000, 0.08333, 0.08333, 0.25000
8960000000.00, -0.00000, 0.08333, 0.08333, 0.25000
8970000000.00, -0.00000, 0.08333, 0.08333, 0.25000
8980000000.00, -0.00000, 0.08333, 0.08333, 0.25000
8990000000.00, -0.00000, 0.08333, 0.08333, 0.25000
9000000000.00, -0.00000, 0.08333, 0.08333, 0.25000
9010000000.00, -0.00000, 0.08333, 0.08333, 0.25000
9020000000.00, -0.00000, 0.08333, 0.08333, 0.25000
9030000000.00, -0.00000, 0.08333, 0.08333, 0.25000
9040000000.00, -0.00000, 0.08333, 0.08333, 0.25000
9050000000.00, -0.00000, 0.08333, 0.08333, 0.25000
9060000000.00, -0.00000, 0.08333, 0.08333, 0.25000
9070000000.00, -0.00000, 0.08333, 0.08333, 0.25000
9080000000.00, -0.00000, 0.08333, 0.08333, 0.25000
9090000000.00, -0.00000, 0.08333, 0.08333, 0.25000
9100000000.00, -0.00000, 0.08333, 0.08333, 0.25000
9110000000.00, -0.00000, 0.08333, 0.08333, 0.25000
9120000000.00, -0.00000, 0.08333, 0.08333, 0.25000
9130000000.00, -0.00000, 0.08333, 0.08333, 0.25000
9140000000.00, -0.00000, 0.08333, 0.08333, 0.25000
9150000000.00, -0.00000, 0.08333, 0.08333, 0.25000
9160000000.00, -0.00000, 0.08333, 0.08333, 0.25000
9170000000.00, -0.00000, 0.08333, 0.08333, 0.25000
9180000000.00, -0.00000, 0.08333, 0.08333, 0.25000
9190000000.00, -0.00000, 0.08333, 0.08333, 0.25000
9200000000.00, -0.00000, 0.08333, 0.08333, 0.25000
9210000000.00, -0.00000, 0.08333, 0.08333, 0.25000
9220000000.00, -0.00000, 0.08333, 0.08333, 0.25000
9230000000.00, -0.00000, 0.08333, 0.08333, 0.25000
9240000000.00, -0.00000, 0.08333, 0.08333, 0.25000
9250000000.00, -0.00000, 0.08333, 0.08333, 0.25000
9260000000.00, -0.00000, 0.08333, 0.08333, 0.25000
9270000000.00, -0.00000, 0.08333, 0.08333, 0.25000
9280000000.00, -0.00000, 0.08333, 0.08333, 0.25000
9290000000.00, -0.00000, 0.08333, 0.08333, 0.25000
9300000000.00, -0.00000, 0.08333, 0.08333, 0.25000
9310000000.00, -0.00000, 0.08333, 0.08333, 0.25000
9320000000.00, -0.00000, 0.08333, 0.08333, 0.25000
9330000000.00, -0.00000, 0.08333, 0.08333, 0.25000
9340000000.00, -0.00000, 0.08333, 0.08333, 0.25000
9350000000.00, -0.00000, 0.08333, 0.08333, 0.25000
9360000000.00, -0.00000, 0.08333, 0.08333, 0.25000
9370000000.00, -0.00000, 0.08333, 0.08333, 0.25000
9380000000.00, -0.00000, 0.08333, 0.08333, 0.25000
9390000000.00, -0.00000, 0.08333, 0.08333, 0.25000
9400000000.00, -0.00000, 0.08333, 0.08333, 0.25000
9410000000.00, -0.00000, 0.08333, 0.08333, 0.25000
9420000000.00, -0.00000, 0.08333, 0.08333, 0.25000
9430000000.00, -0.00000, 0.08333, 0.08333, 0.25000
9440000000.00, -0.00000, 0.08333, 0.08333, 0.25000
9450000000.00, -0.00000, 0.08333, 0.08333, 0.25000
9460000000.00, -0.00000, 0.08333, 0.08333, 0.25000
9470000000.00, -0.00000, 0.08333, 0.08333, 0.25000
9480000000.00, -0.00000, 0.08333, 0.08333, 0.25000
9490000000.00, -0.00000, 0.08333, 0.08333, 0.25000
9500000000.00, -0.00000, 0.08333, 0.08333, 0.25000
9510000000.00, -0.00000, 0.08333, 0.08333, 0.25000
9520000000.00, -0.00000, 0.08333, 0.08333, 0.25000
9530000000.00, -0.00000, 0.08333, 0.08333, 0.25000
9540000000.00, -0.00000, 0.08333, 0.08333, 0.25000
9550000000.00, -0.00000, 0.08333, 0.08333, 0.25000
9560000000.00, -0.00000, 0.08333, 0.08333, 0.25000
9570000000.00, -0.00000, 0.08333, 0.08333, 0.25000
9580000000.00, -0.00000, 0.08333, 0.08333, 0.25000
9590000000.00, -0.00000, 0.08333, 0.08333, 0.25000
9600000000.00, -0.00000, 0.08333, 0.08333, 0.25000
9610000000.00, -0.00000, 0.08333, 0.08333, 0.25000
9620000000.00, -0.00000, 0.08333, 0.08333, 0.25000
9630000000.00, -0.00000, 0.08333, 0.08333, 0.25000
9640000000.00, -0.00000, 0.08333, 0.08333, 0.25000
9650000000.00, -0.00000, 0.08333, 0.08333, 0.25000
9660000000.00, -0.00000, 0.08333, 0.08333, 0.25000
9670000000.00, -0.00000, 0.08333, 0.08333, 0.25000
9680000000.00, -0.00000, 0.08333, 0.08333, 0.25000
9690000000.00, -0.00000, 0.08333, 0.08333, 0.25000
9700000000.00, -0.00000, 0.08333, 0.08333, 0.25000
9710000000.00, -0.00000, 0.08333, 0.08333, 0.25000
9720000000.00, -0.00000, 0.08333, 0.08333, 0.25000
9730000000.00, -0.00000, 0.08333, 0.08333, 0.25000
9740000000.00, -0.00000, 0.08333, 0.08333, 0.25000
9750000000.00, -0.00000, 0.08333, 0.08333, 0.25000
9760000000.00, -0.00000, 0.08333, 0.08333, 0.25000
9770000000.00, -0.00000, 0.08333, 0.08333, 0.25000
9780000000.00, -0.00000, 0.08333, 0.08333, 0.25000
9790000000.00, -0.00000, 0.08333, 0.08333, 0.25000
9800000000.00, -0.00000, 0.08333, 0.08333, 0.25000
9810000000.00, -0.00000, 0.08333, 0.08333, 0.25000
9820000000.00, -0.00000, 0.08333, 0.08333, 0.25000
9830000000.00, -0.00000, 0.08333, 0.08333, 0.25000
9840000000.00, -0.00000, 0.08333, 0.08333, 0.25000
9850000000.00, -0.00000, 0.08333, 0.08333, 0.25000
9860000000.00, -0.00000, 0.08333, 0.08333, 0.25000
9870000000.00, -0.00000, 0.08333, 0.08333, 0.25000
9880000000.00, -0.00000, 0.08333, 0.08333, 0.25000
9890000000.00, -0.00000, 0.08333, 0.08333, 0.25000
9900000000.00, -0.00000, 0.08333, 0.08333, 0.25000
9910000000.00, -0.00000, 0.08333, 0.08333, 0.25000
9920000000.00, -0.00000, 0.08333, 0.08333, 0.25000
9930000000.00, -0.00000, 0.08333, 0.08333, 0.25000
9940000000.00, -0.00000, 0.08333, 0.08333, 0.25000
9950000000.00, -0.00000, 0.08333, 0.08333, 0.25000
9960000000.00, -0.00000, 0.08333, 0.08333, 0.25000
9970000000.00, -0.00000, 0.08333, 0.08333, 0.25000
9980000000.00, -0.00000, 0.08333, 0.08333, 0.25000
9990000000.00, -0.00000, 0.08333, 0.08333, 0.25000
10000000000.00, -0.00000, 0.08333, 0.08333, 0.25000
